Continent,min_time,max_time,mean_time,median_time
Africa,0 days 00:03:03.925872902,0 days 00:08:20.825180943,0 days 00:04:54.397738483,0 days 00:04:23.461385508
Asia,0 days 00:03:05.789986478,0 days 00:09:26.069156128,0 days 00:05:47.448188133,0 days 00:05:36.783186192
Europe,0 days 00:03:10.760956016,0 days 00:08:41.951801479,0 days 00:05:27.694924675,0 days 00:05:19.384792809
North America,0 days 00:03:05.168615286,0 days 00:15:13.415652588,0 days 00:05:32.208666744,0 days 00:05:22.491648771
Oceania,0 days 00:03:31.266205360,0 days 00:09:24.826413743,0 days 00:05:24.137048660,0 days 00:05:15.345880060
South America,0 days 00:03:26.295235822,0 days 00:08:56.243338900,0 days 00:05:07.301650840,0 days 00:05:01.365028235
