M/F,min_age,max_age,mean_age,median_age
F,18,84,39.770577497510786,40.0
M,18,83,44.614185180074514,45.0
